{
  "openapi": "3.0.0",
  "paths": {
    "/": {
      "get": {
        "operationId": "AppController_getHello",
        "parameters": [],
        "responses": {
          "200": {
            "description": ""
          }
        },
        "tags": [
          "App"
        ]
      }
    },
    "/orders": {
      "post": {
        "operationId": "OrdersController_create",
        "parameters": [],
        "requestBody": {
          "required": true,
          "content": {
            "application/json": {
              "schema": {
                "$ref": "#/components/schemas/CreateOrderDto"
              }
            }
          }
        },
        "responses": {
          "201": {
            "description": "Order created successfully",
            "content": {
              "application/json": {
                "schema": {
                  "$ref": "#/components/schemas/Order"
                }
              }
            }
          }
        },
        "summary": "Create a new order",
        "tags": [
          "orders"
        ]
      },
      "get": {
        "operationId": "OrdersController_findAll",
        "parameters": [],
        "responses": {
          "200": {
            "description": "Successfully retrieved all orders",
            "content": {
              "application/json": {
                "schema": {
                  "type": "array",
                  "items": {
                    "$ref": "#/components/schemas/Order"
                  }
                }
              }
            }
          }
        },
        "summary": "Get all orders",
        "tags": [
          "orders"
        ]
      }
    },
    "/orders/{id}": {
      "get": {
        "operationId": "OrdersController_findOne",
        "parameters": [
          {
            "name": "id",
            "required": true,
            "in": "path",
            "schema": {
              "type": "string"
            }
          }
        ],
        "responses": {
          "200": {
            "description": "Successfully retrieved the order",
            "content": {
              "application/json": {
                "schema": {
                  "$ref": "#/components/schemas/Order"
                }
              }
            }
          },
          "404": {
            "description": "Order not found"
          }
        },
        "summary": "Get order by ID",
        "tags": [
          "orders"
        ]
      },
      "patch": {
        "operationId": "OrdersController_update",
        "parameters": [
          {
            "name": "id",
            "required": true,
            "in": "path",
            "schema": {
              "type": "string"
            }
          }
        ],
        "requestBody": {
          "required": true,
          "content": {
            "application/json": {
              "schema": {
                "$ref": "#/components/schemas/UpdateOrderDto"
              }
            }
          }
        },
        "responses": {
          "200": {
            "description": "Order updated successfully",
            "content": {
              "application/json": {
                "schema": {
                  "$ref": "#/components/schemas/Order"
                }
              }
            }
          },
          "404": {
            "description": "Order not found"
          }
        },
        "summary": "Update an order by ID",
        "tags": [
          "orders"
        ]
      },
      "delete": {
        "operationId": "OrdersController_remove",
        "parameters": [
          {
            "name": "id",
            "required": true,
            "in": "path",
            "schema": {
              "type": "string"
            }
          }
        ],
        "responses": {
          "200": {
            "description": "Order deleted successfully"
          },
          "404": {
            "description": "Order not found"
          }
        },
        "summary": "Delete an order by ID",
        "tags": [
          "orders"
        ]
      }
    },
    "/orders/{id}/{status}": {
      "get": {
        "operationId": "OrdersController_findByStatus",
        "parameters": [
          {
            "name": "id",
            "required": true,
            "in": "path",
            "schema": {
              "type": "number"
            }
          },
          {
            "name": "status",
            "required": true,
            "in": "path",
            "schema": {
              "type": "string"
            }
          }
        ],
        "responses": {
          "200": {
            "description": "Successfully retrieved orders by status",
            "content": {
              "application/json": {
                "schema": {
                  "type": "array",
                  "items": {
                    "$ref": "#/components/schemas/Order"
                  }
                }
              }
            }
          }
        },
        "summary": "Get orders by status and ID",
        "tags": [
          "orders"
        ]
      }
    },
    "/products": {
      "post": {
        "operationId": "ProductsController_create",
        "parameters": [],
        "requestBody": {
          "required": true,
          "content": {
            "application/json": {
              "schema": {
                "$ref": "#/components/schemas/CreateProductDto"
              }
            }
          }
        },
        "responses": {
          "201": {
            "description": "Product created successfully",
            "content": {
              "application/json": {
                "schema": {
                  "$ref": "#/components/schemas/Product"
                }
              }
            }
          }
        },
        "summary": "Create a new product",
        "tags": [
          "products"
        ]
      },
      "get": {
        "operationId": "ProductsController_findAll",
        "parameters": [],
        "responses": {
          "200": {
            "description": "Successfully retrieved all products",
            "content": {
              "application/json": {
                "schema": {
                  "type": "array",
                  "items": {
                    "$ref": "#/components/schemas/Product"
                  }
                }
              }
            }
          }
        },
        "summary": "Get all products",
        "tags": [
          "products"
        ]
      }
    },
    "/products/{id}": {
      "get": {
        "operationId": "ProductsController_findOne",
        "parameters": [
          {
            "name": "id",
            "required": true,
            "in": "path",
            "schema": {
              "type": "string"
            }
          }
        ],
        "responses": {
          "200": {
            "description": "Successfully retrieved the product",
            "content": {
              "application/json": {
                "schema": {
                  "$ref": "#/components/schemas/Product"
                }
              }
            }
          },
          "404": {
            "description": "Product not found"
          }
        },
        "summary": "Get a product by ID",
        "tags": [
          "products"
        ]
      },
      "patch": {
        "operationId": "ProductsController_update",
        "parameters": [
          {
            "name": "id",
            "required": true,
            "in": "path",
            "schema": {
              "type": "string"
            }
          }
        ],
        "requestBody": {
          "required": true,
          "content": {
            "application/json": {
              "schema": {
                "$ref": "#/components/schemas/UpdateProductDto"
              }
            }
          }
        },
        "responses": {
          "200": {
            "description": "Product updated successfully",
            "content": {
              "application/json": {
                "schema": {
                  "$ref": "#/components/schemas/Product"
                }
              }
            }
          },
          "404": {
            "description": "Product not found"
          }
        },
        "summary": "Update a product by ID",
        "tags": [
          "products"
        ]
      },
      "delete": {
        "operationId": "ProductsController_remove",
        "parameters": [
          {
            "name": "id",
            "required": true,
            "in": "path",
            "schema": {
              "type": "string"
            }
          }
        ],
        "responses": {
          "200": {
            "description": "Product deleted successfully"
          },
          "404": {
            "description": "Product not found"
          }
        },
        "summary": "Delete a product by ID",
        "tags": [
          "products"
        ]
      }
    },
    "/customers": {
      "post": {
        "operationId": "CustomersController_create",
        "parameters": [],
        "requestBody": {
          "required": true,
          "content": {
            "application/json": {
              "schema": {
                "$ref": "#/components/schemas/CreateCustomerDto"
              }
            }
          }
        },
        "responses": {
          "201": {
            "description": "Customer created successfully",
            "content": {
              "application/json": {
                "schema": {
                  "$ref": "#/components/schemas/Customer"
                }
              }
            }
          }
        },
        "summary": "Create a new customer",
        "tags": [
          "customers"
        ]
      },
      "get": {
        "operationId": "CustomersController_findAll",
        "parameters": [],
        "responses": {
          "200": {
            "description": "Successfully retrieved all customers",
            "content": {
              "application/json": {
                "schema": {
                  "type": "array",
                  "items": {
                    "$ref": "#/components/schemas/Customer"
                  }
                }
              }
            }
          }
        },
        "summary": "Get all customers",
        "tags": [
          "customers"
        ]
      }
    },
    "/customers/{id}": {
      "get": {
        "operationId": "CustomersController_findOne",
        "parameters": [
          {
            "name": "id",
            "required": true,
            "in": "path",
            "schema": {
              "type": "string"
            }
          }
        ],
        "responses": {
          "200": {
            "description": "Successfully retrieved the customer",
            "content": {
              "application/json": {
                "schema": {
                  "$ref": "#/components/schemas/Customer"
                }
              }
            }
          },
          "404": {
            "description": "Customer not found"
          }
        },
        "summary": "Get a customer by ID",
        "tags": [
          "customers"
        ]
      },
      "patch": {
        "operationId": "CustomersController_update",
        "parameters": [
          {
            "name": "id",
            "required": true,
            "in": "path",
            "schema": {
              "type": "string"
            }
          }
        ],
        "requestBody": {
          "required": true,
          "content": {
            "application/json": {
              "schema": {
                "$ref": "#/components/schemas/UpdateCustomerDto"
              }
            }
          }
        },
        "responses": {
          "200": {
            "description": "Customer updated successfully",
            "content": {
              "application/json": {
                "schema": {
                  "$ref": "#/components/schemas/Customer"
                }
              }
            }
          },
          "404": {
            "description": "Customer not found"
          }
        },
        "summary": "Update a customer by ID",
        "tags": [
          "customers"
        ]
      },
      "delete": {
        "operationId": "CustomersController_remove",
        "parameters": [
          {
            "name": "id",
            "required": true,
            "in": "path",
            "schema": {
              "type": "string"
            }
          }
        ],
        "responses": {
          "200": {
            "description": "Customer deleted successfully"
          },
          "404": {
            "description": "Customer not found"
          }
        },
        "summary": "Delete a customer by ID",
        "tags": [
          "customers"
        ]
      }
    },
    "/auth/login": {
      "post": {
        "operationId": "AuthController_login",
        "parameters": [],
        "requestBody": {
          "required": true,
          "content": {
            "application/json": {
              "schema": {
                "$ref": "#/components/schemas/LoginDto"
              }
            }
          }
        },
        "responses": {
          "200": {
            "description": "Customer login successfully",
            "content": {
              "application/json": {
                "schema": {
                  "type": "object",
                  "properties": {
                    "accessToken": {
                      "type": "string",
                      "description": "JWT Token for authenticated access"
                    }
                  }
                }
              }
            }
          }
        },
        "summary": "Customer login",
        "tags": [
          "Authentication"
        ]
      }
    }
  },
  "info": {
    "title": "NestJS-based microservice",
    "description": "Order Management API",
    "version": "1.0",
    "contact": {}
  },
  "tags": [],
  "servers": [],
  "components": {
    "securitySchemes": {
      "bearer": {
        "scheme": "bearer",
        "bearerFormat": "JWT",
        "type": "http"
      }
    },
    "schemas": {
      "CreateOrderDto": {
        "type": "object",
        "properties": {
          "customerId": {
            "type": "number",
            "description": "The ID of the customer placing the order"
          },
          "shippingAddress": {
            "type": "string",
            "description": "The shipping address for the order"
          },
          "products": {
            "description": "A list of products included in the order, with product IDs and quantities",
            "type": "array",
            "items": {
              "type": "string"
            }
          },
          "status": {
            "type": "string",
            "description": "The status of the order, defaults to \"pending\" if not provided"
          }
        },
        "required": [
          "customerId",
          "shippingAddress",
          "products"
        ]
      },
      "Order": {
        "type": "object",
        "properties": {}
      },
      "UpdateOrderDto": {
        "type": "object",
        "properties": {}
      },
      "CreateProductDto": {
        "type": "object",
        "properties": {
          "name": {
            "type": "string",
            "description": "The name of the product"
          },
          "price": {
            "type": "number",
            "description": "The price of the product"
          },
          "quantity": {
            "type": "number",
            "description": "The quantity of the product in stock"
          }
        },
        "required": [
          "name",
          "price",
          "quantity"
        ]
      },
      "Product": {
        "type": "object",
        "properties": {}
      },
      "UpdateProductDto": {
        "type": "object",
        "properties": {}
      },
      "CreateCustomerDto": {
        "type": "object",
        "properties": {
          "name": {
            "type": "string",
            "description": "The full name of the customer"
          },
          "email": {
            "type": "string",
            "description": "The email address of the customer. It must be unique."
          },
          "pswd": {
            "type": "string",
            "description": "The password for the customer account"
          }
        },
        "required": [
          "name",
          "email",
          "pswd"
        ]
      },
      "Customer": {
        "type": "object",
        "properties": {}
      },
      "UpdateCustomerDto": {
        "type": "object",
        "properties": {}
      },
      "LoginDto": {
        "type": "object",
        "properties": {
          "id": {
            "type": "number",
            "description": "The unique ID of the customer"
          },
          "pswd": {
            "type": "string",
            "description": "The password for the customer account"
          }
        },
        "required": [
          "id",
          "pswd"
        ]
      }
    }
  }
}